Epoch,Time (s),Train Loss,Test Loss,BIC
1,117.1100549697876,1.154818765625e6,107449.982421875,215487.12836936658
