Epoch,Time (s),Train Loss,Test Loss,BIC
1,120.0695059299469,1.07996253515625e6,98313.029296875,197192.2519934517
